<?xml version="1.0" standalone="no"?>
<manifest identifier="completionExample" version="1.0" xmlns="http://www.imsglobal.org/xsd/imscp_v1p1" xmlns:adlcp="http://www.adlnet.org/xsd/adlcp_v1p3" xmlns:adlseq="http://www.adlnet.org/xsd/adlseq_v1p3" xmlns:adlnav="http://www.adlnet.org/xsd/adlnav_v1p3" xmlns:imsss="http://www.imsglobal.org/xsd/imsss" xmlns:xsi="http://www.w3.org/2001/XMLSchema-instance" xsi:schemaLocation="http://www.imsglobal.org/xsd/imscp_v1p1 imscp_v1p1.xsd&#xD;&#xA;			http://www.imsglobal.org/xsd/imsss imsss_v1p0.xsd&#xD;&#xA;			http://www.adlnet.org/xsd/adlcp_v1p3 adlcp_v1p3.xsd&#xD;&#xA;			http://www.adlnet.org/xsd/adlseq_v1p3 adlseq_v1p3.xsd&#xD;&#xA;			http://www.adlnet.org/xsd/adlnav_v1p3 adlnav_v1p3.xsd">
  <metadata>
    <schema>ADL SCORM</schema>
    <schemaversion>2004 3rd Edition</schemaversion>
  </metadata>
  <organizations default="org_wisconline_211345">
    <organization identifier="org_wisconline_211345">
      <title>змейка</title>
      <item identifier="flashcardItem" identifierref="flashcardItem_resource">
        <title>змейка</title>
        <imsss:sequencing>
          <imsss:controlMode choiceExit="true" />
          <imsss:deliveryControls completionSetByContent="true" objectiveSetByContent="true" />
        </imsss:sequencing>
      </item>
      <imsss:sequencing>
        <imsss:controlMode flow="true" />
      </imsss:sequencing>
    </organization>
  </organizations>
  <resources>
    <resource identifier="flashcardItem_resource" adlcp:scormType="sco" href="index.html" type="webcontent">
      <file href="index.html" />
      <file href="lib/SCORM_API_wrapper.js" />
      <file href="lib/ScormHelper.js" />
      <file href="lib/jquery-1.11.1.min.js" />
      <file href="lib/createjs-2015.11.26.min.js" />
      <file href="src/createjs-2015.05.21.min.js" />
      <file href="src/createjs.min.js" />
      <file href="src/game.js" />
      <file href="src/test.html" />
      <file href="src/Assets/arrowdown.png" />
      <file href="src/Assets/arrowleft.png" />
      <file href="src/Assets/arrowright.png" />
      <file href="src/Assets/arrowup.png" />
      <file href="src/Assets/BrownPill.png" />
      <file href="src/Assets/button.png" />
      <file href="src/Assets/Capture.PNG" />
      <file href="src/Assets/Capture1.PNG" />
      <file href="src/Assets/click.mp3" />
      <file href="src/Assets/clockBack.png" />
      <file href="src/Assets/clockHand.png" />
      <file href="src/Assets/donut.png" />
      <file href="src/Assets/GameOver.mp3" />
      <file href="src/Assets/Ghost.png" />
      <file href="src/Assets/greenback.png" />
      <file href="src/Assets/greenButtonOutline.png" />
      <file href="src/Assets/HalfEatenIceCreamBar.png" />
      <file href="src/Assets/IceCreamBar.png" />
      <file href="src/Assets/level-up.mp3" />
      <file href="src/Assets/lollipop.png" />
      <file href="src/Assets/Panel.png" />
      <file href="src/Assets/radialSmokeEffect.mp4" />
      <file href="src/Assets/SequencePlayButton.png" />
      <file href="src/Assets/SmallPanel.png" />
      <file href="src/Assets/smoke.png" />
      <file href="src/Assets/snakeBody.png" />
      <file href="src/Assets/snakeCandy.png" />
      <file href="src/Assets/SnakeHead.png" />
      <file href="src/Assets/snakeTail.png" />
      <file href="src/Assets/star.png" />
      <file href="src/Assets/startButton.png" />
      <file href="src/Assets/triangle border.png" />
    </resource>
  </resources>
</manifest>